<?xml version="1.0" encoding="UTF-8"?>
<project-private xmlns="http://www.netbeans.org/ns/project-private/1">
    <editor-bookmarks xmlns="http://www.netbeans.org/ns/editor-bookmarks/2" lastBookmarkId="0"/>
    <open-files xmlns="http://www.netbeans.org/ns/projectui-open-files/2">
        <group>
            <file>file:/C:/Jaja/AUCA%20Software%20Engineering/7th%20Semester%20(Major)/Java%20Programming/FitnessMgtSystemClient24229/src/view/MemberForm2.java</file>
            <file>file:/C:/Jaja/AUCA%20Software%20Engineering/7th%20Semester%20(Major)/Java%20Programming/FitnessMgtSystemClient24229/src/view/LogInForm.java</file>
            <file>file:/C:/Jaja/AUCA%20Software%20Engineering/7th%20Semester%20(Major)/Java%20Programming/FitnessMgtSystemClient24229/src/view/UserForm.java</file>
            <file>file:/C:/Jaja/AUCA%20Software%20Engineering/7th%20Semester%20(Major)/Java%20Programming/FitnessMgtSystemClient24229/src/view/TrainerForm2.java</file>
            <file>file:/C:/Jaja/AUCA%20Software%20Engineering/7th%20Semester%20(Major)/Java%20Programming/FitnessMgtSystemClient24229/src/view/MemberForm.java</file>
            <file>file:/C:/Jaja/AUCA%20Software%20Engineering/7th%20Semester%20(Major)/Java%20Programming/FitnessMgtSystemClient24229/src/view/UserLogIn.java</file>
            <file>file:/C:/Jaja/AUCA%20Software%20Engineering/7th%20Semester%20(Major)/Java%20Programming/FitnessMgtSystemClient24229/src/view/TrainerForm.java</file>
        </group>
    </open-files>
</project-private>
